kst-26643-653,BRIEF VAN DE MINISTER VOOR RECHTSBESCHERMING,2,https://zoek.officielebekendmakingen.nl/kst-26643-653.xml,"['kst-26643-627', 'kst-26643-541', 'kst-32013-201', 'kst-32013-201', 'kst-35245-2', 'kst-26643-570', 'kst-34972-2']",,"[('blockchain', 56), ('noot', 26), ('voet', 25), ('zoals', 20), ('tokens', 17), ('https', 15), ('extref', 15), ('actief', 15), ('tussenkop', 15), ('gegevens', 15)]"
kst-26643-652,BRIEF VAN DE MINISTER VAN JUSTITIE EN VEILIGHEID,2,https://zoek.officielebekendmakingen.nl/kst-26643-652.xml,"['kst-26643-640', 'kst-26643-641', 'kst-26643-641', 'kst-29628-835']",,"[('ai', 59), ('politie', 49), ('algoritmes', 16), ('gebruik', 10), ('toepassing', 10), ('toepassingen', 10), ('data', 10), ('binnen', 10), ('ontwikkeling', 9), ('noot', 9)]"
kst-26643-644,BRIEF VAN DE STAATSSECRETARIS VAN BINNENLANDSE ZAKEN EN KONINKRIJKSRELATIES,2,https://zoek.officielebekendmakingen.nl/kst-26643-644.xml,"['kst-26643-583', 'kst-24170-198', 'kst-35000-VII-23', 'kst-28760-94', 'kst-35000-VII-15', 'kst-26643-621', 'kst-30821-91']",,"[('we', 25), ('mensen', 22), ('li', 18), ('digitale', 15), ('tussenkop', 14), ('extref', 12), ('actief', 12), ('vet', 12), ('apps', 12), ('overheid', 11)]"
kst-26643-627,BRIEF VAN DE MINISTER VOOR RECHTSBESCHERMING,2,https://zoek.officielebekendmakingen.nl/kst-26643-627.xml,"['kst-33009-42', 'kst-26643-621']",,"[('kamer', 6), ('noot', 5), ('voet', 5), ('tekstregel', 4), ('nr', 4), ('extref', 4), ('actief', 4), ('https', 3), ('kamerstuk', 3), ('2', 3)]"
kst-32761-152,BRIEF VAN DE MINISTER VAN JUSTITIE EN VEILIGHEID,2,https://zoek.officielebekendmakingen.nl/kst-32761-152.xml,['kst-30821-90'],,"[('gezichtsherkenningstechnologie', 27), ('nationale', 18), ('politie', 18), ('veiligheid', 17), ('gebruik', 11), ('inzet', 11), ('zoals', 10), ('ten', 10), ('biometrische', 9), ('gegevens', 9)]"
kst-32761-150,BRIEF VAN DE STAATSSECRETARIS VAN FINANCIÃ‹N,2,https://zoek.officielebekendmakingen.nl/kst-32761-150.xml,['kst-32761-136'],,"[('persoonsgegevens', 6), ('autoriteit', 6), ('amp', 5), ('tekstregel', 4), ('brief', 4), ('http', 3), ('kamer', 3), ('onderzoek', 3), ('belastingdienst', 3), ('a', 3)]"
kst-26643-641,BRIEF VAN DE MINISTER VOOR RECHTSBESCHERMING,2,https://zoek.officielebekendmakingen.nl/kst-26643-641.xml,"['kst-26643-426', 'kst-26643-543', 'kst-26643-570', 'kst-26643-578', 'kst-26643-570', 'kst-34775-VI-AH', 'kst-26643-588', 'kst-26643-553', 'kst-26643-640', 'kst-35200-VII-14', 'kst-26643-610', 'kst-26643-614', 'kst-26643-536', 'kst-26643-614', 'kst-34851-3', 'kst-34851-3', 'kst-26643-610']",,"[('noot', 49), ('voet', 49), ('nr', 38), ('waarborgen', 37), ('algoritmes', 35), ('profilering', 33), ('kabinet', 29), ('zie', 29), ('cur', 27), ('avg', 25)]"
kst-35300-K,BRIEF VAN DE MINISTER VOOR RECHTSBESCHERMING,1,https://zoek.officielebekendmakingen.nl/kst-35300-VI-K.xml,"['kst-35000-VI-R', 'kst-26643-541', 'kst-32013-201', 'kst-35245-2', 'kst-26643-570', 'kst-34972-2']",,"[('blockchain', 56), ('noot', 26), ('voet', 25), ('zoals', 20), ('https', 17), ('tokens', 17), ('tussenkop', 16), ('gegevens', 15), ('extref', 14), ('actief', 14)]"
kst-26643-669,LIJST VAN VRAGEN EN ANTWOORDEN,2,https://zoek.officielebekendmakingen.nl/kst-26643-669.xml,"['kst-26643-652', 'kst-26643-652', 'kst-26643-641', 'kst-26643-641', 'kst-26643-641', 'kst-26643-426', 'kst-26643-657', 'kst-29628-835', 'kst-30950-183', 'kst-29628-835', 'kst-29628-835', 'kst-26643-657', 'kst-26643-641', 'kst-26643-652', 'kst-29279-388', 'kst-32761-152', 'kst-26643-641', 'kst-35170-2', 'kst-31753-190', 'kst-34775-VI-AH', 'kst-35207-1']",,"[('nadruk', 242), ('vet', 237), ('ai', 200), ('politie', 173), ('antwoord', 71), ('vraag', 65), ('welke', 53), ('data', 52), ('toepassing', 42), ('binnen', 40)]"
kst-26643-657,BRIEF VAN DE MINISTERS VAN BINNENLANDSE ZAKEN EN KONINKRIJKSRELATIES EN VOOR RECHTSBESCHERMING,2,https://zoek.officielebekendmakingen.nl/kst-26643-657.xml,"['kst-26643-642', 'kst-26643-610', 'kst-35200-VII-14', 'kst-26643-632', 'kst-26643-641']",,"[('algoritmen', 11), ('onderzoek', 9), ('li', 8), ('kamerstuk', 6), ('nr', 6), ('noot', 6), ('voet', 6), ('extref', 6), ('actief', 6), ('kamer', 5)]"
kst-26643-632,MOTIE VAN DE LEDEN VERHOEVEN EN VAN DER MOLEN,2,https://zoek.officielebekendmakingen.nl/kst-26643-632.xml,[],,"[('algoritmes', 5), ('tekstregel', 4), ('kamer', 4), ('overwegende', 4), ('tweede', 3), ('http', 2), ('vergaderjaar', 2), ('2', 2), ('titel', 2), ('verhoeven', 2)]"
kst-26643-601,BRIEF VAN DE MINISTER VAN BINNENLANDSE ZAKEN EN KONINKRIJKSRELATIES,2,https://zoek.officielebekendmakingen.nl/kst-26643-601.xml,"['kst-26643-553', 'kst-26643-529', 'kst-CVIII-E', 'kst-31570-17', 'kst-34430-9', 'kst-33826-25', 'kst-26643-549', 'kst-26643-588', 'kst-26643-570', 'kst-32761-117', 'kst-26643-578', 'kst-26643-529', 'kst-34853-19', 'kst-35000-VII-38', 'kst-33826-25']",,"[('cur', 39), ('grondrechten', 32), ('nadruk', 30), ('noot', 24), ('voet', 24), ('algoritmes', 21), ('nieuwe', 18), ('extref', 16), ('document', 16), ('actief', 16)]"
kst-26643-610,MOTIE VAN DE LEDEN VERHOEVEN EN VAN DER MOLEN,2,https://zoek.officielebekendmakingen.nl/kst-26643-610.xml,[],,"[('tekstregel', 4), ('overwegende', 4), ('algoritmes', 4), ('gebruik', 3), ('http', 2), ('vergaderjaar', 2), ('kamer', 2), ('2', 2), ('titel', 2), ('verhoeven', 2)]"
kst-26643-570,BRIEF VAN DE MINISTER VOOR RECHTSBESCHERMING ,2,https://zoek.officielebekendmakingen.nl/kst-26643-570.xml,"['kst-32761-117', 'kst-26643-543', 'kst-26643-541', 'kst-26643-549', 'kst-26643-527', 'kst-33328-K', 'kst-26643-543', 'kst-26643-426']",,"[('algoritmes', 85), ('algoritme', 43), ('transparantie', 40), ('overheid', 26), ('avg', 23), ('informatie', 21), ('voet', 20), ('noot', 19), ('gebruik', 19), ('gebruikt', 17)]"
kst-26643-588,BRIEF VAN DE STAATSSECRETARIS VAN BINNENLANDSE ZAKEN EN KONINKRIJKSRELATIES ,2,https://zoek.officielebekendmakingen.nl/kst-26643-588.xml,"['kst-26643-570', 'kst-26643-557', 'kst-26643-529', 'kst-26643-426']",,"[('algoritmen', 57), ('onderzoek', 21), ('gebruik', 14), ('transparantie', 13), ('overheid', 11), ('algoritme', 11), ('kamer', 9), ('brief', 9), ('organisaties', 9), ('geven', 8)]"
kst-26643-623,BRIEF VAN DE STAATSSECRETARISSEN VAN ECONOMISCHE ZAKEN EN KLIMAAT EN VAN BINNENLANDSE ZAKEN EN KONINKRIJKSRELATIES EN DE MINISTER VAN JUSTITIE EN VEILIGHEID,2,https://zoek.officielebekendmakingen.nl/kst-26643-623.xml,"['kst-26643-541', 'kst-34775-XIII-67', 'kst-26643-565', 'kst-26643-611', 'kst-26643-566', 'kst-26643-563']",,"[('extref', 8), ('actief', 8), ('noot', 7), ('voet', 7), ('kamerstuk', 6), ('document', 6), ('nr', 5), ('http', 4), ('tekstregel', 4), ('kamer', 4)]"
kst-26643-594,BRIEF VAN DE STAATSSECRETARIS VAN ECONOMISCHE ZAKEN EN KLIMAAT,2,https://zoek.officielebekendmakingen.nl/kst-26643-594.xml,['kst-26643-541'],,"[('kabinet', 11), ('visie', 11), ('datadeling', 11), ('data', 8), ('economische', 6), ('tussen', 6), ('bedrijven', 6), ('li', 6), ('nederlandse', 5), ('cur', 5)]"
kst-26643-597,BRIEF VAN DE STAATSSECRETARIS VAN BINNENLANDSE ZAKEN EN KONINKRIJKSRELATIES,2,https://zoek.officielebekendmakingen.nl/kst-26643-597.xml,"['kst-26643-549', 'kst-26643-541', 'kst-26643-536', 'kst-26643-594']",,"[('agenda', 17), ('data', 16), ('overheid', 13), ('brief', 6), ('kamerstuk', 5), ('kamer', 5), ('nr', 5), ('2018', 5), ('nl', 5), ('noot', 5)]"
kst-34926-8,BRIEF VAN DE MINISTER VOOR RECHTSBESCHERMING,2,https://zoek.officielebekendmakingen.nl/kst-34926-8.xml,"['kst-26643-570', 'kst-34926-4', 'kst-34926-2', 'kst-34926-2', 'kst-32761-121', 'kst-34926-2', 'kst-34926-6', 'kst-32761-119', 'kst-34700-34', 'kst-35080-1', 'kst-35080-3', 'kst-27879-71', 'kst-30806-48', 'kst-26643-597', 'kst-34926-2', 'kst-26643-535', 'kst-21501-33-717', 'kst-21501-30-422', 'kst-27879-64']",,"[('privacy', 77), ('voet', 39), ('noot', 38), ('nr', 35), ('actief', 34), ('burgers', 32), ('bescherming', 32), ('cur', 32), ('extref', 31), ('kabinet', 30)]"
kst-34775-AH,BRIEF VAN DE MINISTER VOOR RECHTSBESCHERMING,1,https://zoek.officielebekendmakingen.nl/kst-34775-VI-AH.xml,"['kst-22112-2578', 'kst-26643-570', 'kst-34775-VI-AB', 'kst-26643-541', 'kst-29279-423', 'kst-26643-570', 'kst-29279-449', 'kst-25880-1', 'kst-25880-2', 'kst-26643-426', 'kst-29279-388', 'kst-26643-570']",,"[('cur', 83), ('nadruk', 74), ('ai', 56), ('noot', 34), ('voet', 34), ('toepassing', 25), ('wij', 23), ('moeten', 22), ('brief', 20), ('rechtspraak', 20)]"
kst-32761-138,MOTIE VAN HET LID BUITENWEG,2,https://zoek.officielebekendmakingen.nl/kst-32761-138.xml,[],,"[('tekstregel', 4), ('overwegende', 3), ('goederen', 3), ('diensten', 3), ('algoritmen', 3), ('http', 2), ('vergaderjaar', 2), ('kamer', 2), ('2', 2), ('titel', 2)]"
kst-26643-570,BRIEF VAN DE MINISTER VOOR RECHTSBESCHERMING ,2,https://zoek.officielebekendmakingen.nl/kst-26643-570.xml,"['kst-32761-117', 'kst-26643-543', 'kst-26643-541', 'kst-26643-549', 'kst-26643-527', 'kst-33328-K', 'kst-26643-543', 'kst-26643-426']",,"[('algoritmes', 85), ('algoritme', 43), ('transparantie', 40), ('overheid', 26), ('avg', 23), ('informatie', 21), ('voet', 20), ('noot', 19), ('gebruik', 19), ('gebruikt', 17)]"
kst-26643-578,BRIEF VAN DE STAATSSECRETARIS VAN BINNENLANDSE ZAKEN EN KONINKRIJKSRELATIES,2,https://zoek.officielebekendmakingen.nl/kst-26643-578.xml,"['kst-26643-557', 'kst-34493-3', 'kst-26643-570', 'kst-32761-122', 'kst-34972-2', 'kst-33009-30', 'kst-34775-VI-114']",,"[('afdeling', 31), ('kabinet', 22), ('overheid', 21), ('gegevens', 16), ('wetgeving', 14), ('digitale', 14), ('cur', 14), ('daarbij', 13), ('burgers', 10), ('avg', 10)]"
kst-35212-2,INITIATIEFNOTA,2,https://zoek.officielebekendmakingen.nl/kst-35212-2.xml,"['kst-26643-553', 'kst-26643-601', 'kst-26643-557', 'kst-34993-2', 'kst-34430-9', 'kst-26643-541', 'kst-26643-549', 'kst-26643-594', 'kst-26643-570', 'kst-26643-570', 'kst-35000-VII-34']",,"[('algoritmen', 96), ('cur', 39), ('nadruk', 33), ('mensen', 29), ('noot', 28), ('voet', 28), ('nr', 27), ('actief', 23), ('li', 23), ('extref', 22)]"
kst-26643-642,BRIEF VAN DE MINISTER VAN BINNENLANDSE ZAKEN EN KONINKRIJKSRELATIES,2,https://zoek.officielebekendmakingen.nl/kst-26643-642.xml,"['kst-26643-640', 'kst-26643-641', 'kst-26643-601', 'kst-CVIII-S', 'kst-32761-120', 'kst-35212-2', 'kst-26643-610', 'kst-35200-VII-14', 'kst-33826-25', 'kst-22112-2578', 'kst-22112-2578', 'kst-26643-597', 'kst-34926-8', 'kst-26643-536', 'kst-26643-614', 'kst-32827-116', 'kst-32827-127', 'kst-22112-2420', 'kst-26643-549', 'kst-26643-583', 'kst-34000-XIII-140', 'kst-34775-VI-AH', 'kst-33009-13', 'kst-22112-2799']",,"[('ai', 71), ('0', 71), ('noot', 51), ('voet', 51), ('actief', 50), ('extref', 48), ('cur', 46), ('nadruk', 40), ('publieke', 34), ('https', 33)]"
kst-35000-14,MOTIE VAN DE LEDEN MIDDENDORP EN VERHOEVEN,2,https://zoek.officielebekendmakingen.nl/kst-35000-VII-14.xml,[],,"[('tekstregel', 4), ('kamer', 3), ('sociale', 3), ('media', 3), ('internetzoekmachines', 3), ('http', 2), ('vergaderjaar', 2), ('2', 2), ('vii', 2), ('titel', 2)]"
kst-33826-25,BRIEF VAN DE MINISTER VAN BINNENLANDSE ZAKEN EN KONINKRIJKSRELATIES,2,https://zoek.officielebekendmakingen.nl/kst-33826-25.xml,"['kst-34338-3', 'kst-34338-3', 'kst-34338-3', 'kst-34700-34', 'kst-33826-1', 'kst-34338-3', 'kst-34324-3', 'kst-35074-3', 'kst-26643-553', 'kst-29544-848', 'kst-26643-549', 'kst-34775-VII-70', 'kst-22112-38', 'kst-31753-154', 'kst-34588-52', 'kst-34588-32']",,"[('college', 50), ('mensenrechten', 40), ('noot', 40), ('voet', 39), ('vgl', 28), ('kabinet', 22), ('rechten', 21), ('aanbeveling', 20), ('extref', 18), ('actief', 18)]"
kst-35200-14,MOTIE VAN DE LEDEN MIDDENDORP EN DROST,2,https://zoek.officielebekendmakingen.nl/kst-35200-VII-14.xml,[],,"[('algoritmes', 5), ('tekstregel', 4), ('overheid', 4), ('http', 2), ('vergaderjaar', 2), ('kamer', 2), ('2', 2), ('titel', 2), ('middendorp', 2), ('drost', 2)]"
kst-30821-72,BRIEF VAN DE MINISTER VAN JUSTITIE EN VEILIGHEID,2,https://zoek.officielebekendmakingen.nl/kst-30821-72.xml,"['kst-30977-154', 'kst-29924-165', 'kst-30977-154', 'kst-29924-165', 'kst-26643-540', 'kst-34919-1', 'kst-30821-37', 'kst-30821-22', 'kst-30821-27', 'kst-30821-38', 'kst-26643-540', 'kst-30977-154', 'kst-29924-165', 'kst-34952-41', 'kst-30821-37', 'kst-30821-42', 'kst-30821-51', 'kst-34952-41', 'kst-33694-22', 'kst-35000-V-56', 'kst-32824-194', 'kst-32735-209', 'kst-35078-1']",,"[('0', 233), ('left', 76), ('top', 76), ('entry', 75), ('nadruk', 45), ('veiligheid', 35), ('row', 35), ('1', 32), ('statelijke', 31), ('nationale', 27)]"
kst-26643-529,BRIEF VAN DE MINISTER VAN BINNENLANDSE ZAKEN EN KONINKRIJKSRELATIES,2,https://zoek.officielebekendmakingen.nl/kst-26643-529.xml,"['kst-26643-455', 'kst-34700-34', 'kst-26643-460', 'kst-33009-42', 'kst-33009-42', 'kst-31288-545', 'kst-34851-1', 'kst-34700-34', 'kst-34775-VI-88', 'kst-26643-426', 'kst-32761-108', 'kst-26643-426', 'kst-32827-116', 'kst-28760-53', 'kst-26643-431', 'kst-31288-545', 'kst-33009-13', 'kst-34775-VI-88', 'kst-26643-426', 'kst-26643-460', 'kst-34775-VII-52']",,"[('kabinet', 45), ('noot', 41), ('voet', 41), ('publieke', 33), ('actief', 33), ('waarden', 32), ('extref', 31), ('nr', 30), ('mensenrechten', 28), ('rathenau', 27)]"
kst-26643-541,BRIEF VAN DE STAATSSECRETARISSEN VAN ECONOMISCHE ZAKEN EN KLIMAAT EN VAN BINNENLANDSE ZAKEN EN KONINKRIJKSRELATIES EN DE MINISTER VAN JUSTITIE EN VEILIGHEID,2,https://zoek.officielebekendmakingen.nl/kst-26643-541.xml,['kst-34775-XIII-67'],,"[('we', 32), ('digitale', 19), ('onze', 12), ('digitalisering', 11), ('kansen', 9), ('kabinet', 9), ('nederland', 8), ('nieuwe', 7), ('waar', 7), ('strategie', 7)]"
kst-26643-553,BRIEF VAN DE MINISTER VAN BINNENLANDSE ZAKEN EN KONINKRIJKSRELATIES,2,https://zoek.officielebekendmakingen.nl/kst-26643-553.xml,[],,"[('tekstregel', 4), ('http', 3), ('vergaderjaar', 2), ('tweede', 2), ('kamer', 2), ('2', 2), ('titel', 2), ('minister', 2), ('binnenlandse', 2), ('zaken', 2)]"
kst-CVIII-S,BRIEF VAN DE MINISTER VAN BINNENLANDSE ZAKEN EN KONINKRIJKSRELATIES,1,https://zoek.officielebekendmakingen.nl/kst-CVIII-S.xml,"['kst-26643-455', 'kst-26643-427', 'kst-33009-42', 'kst-33009-42', 'kst-31288-545', 'kst-34851-1', 'kst-26642-426', 'kst-32761-108', 'kst-26643-426', 'kst-32827-116', 'kst-28760-53', 'kst-26643-431', 'kst-31288-545', 'kst-33009-13', 'kst-34775-VI-88', 'kst-26643-426', 'kst-26643-427']",,"[('kabinet', 45), ('noot', 42), ('voet', 42), ('publieke', 33), ('waarden', 32), ('actief', 31), ('extref', 29), ('mensenrechten', 28), ('rathenau', 27), ('instituut', 26)]"
kst-22112-2578,BRIEF VAN DE MINISTER VAN BUITENLANDSE ZAKEN,2,https://zoek.officielebekendmakingen.nl/kst-22112-2578.xml,"['kst-22112-2572', 'kst-22112-2573', 'kst-22112-2574', 'kst-22112-2575', 'kst-22112-2576', 'kst-22112-2577', 'kst-22112-2579', 'kst-32034-30', 'kst-30012-77', 'kst-26643-529', 'kst-26643-529', 'kst-34300-X-21', 'kst-26643-535']",,"[('ai', 46), ('commissie', 21), ('cur', 20), ('nr', 19), ('europese', 18), ('kabinet', 16), ('actief', 15), ('kamerstuk', 14), ('extref', 14), ('li', 14)]"
kst-32761-117,MOTIE VAN HET LID VERHOEVEN C.S. ,2,https://zoek.officielebekendmakingen.nl/kst-32761-117.xml,[],,"[('algoritmen', 5), ('tekstregel', 4), ('analysemethoden', 4), ('openbaar', 3), ('http', 2), ('vergaderjaar', 2), ('kamer', 2), ('2', 2), ('titel', 2), ('verhoeven', 2)]"
kst-32761-122,BRIEF VAN DE STAATSSECRETARIS VAN SOCIALE ZAKEN EN WERKGELEGENHEID,2,https://zoek.officielebekendmakingen.nl/kst-32761-122.xml,['kst-32761-118'],,"[('syri', 9), ('motie', 7), ('tekstregel', 4), ('kamer', 4), ('openbaar', 4), ('szw', 4), ('rechtszaak', 4), ('belang', 4), ('nr', 3), ('staatssecretaris', 3)]"
kst-26643-426,BRIEF VAN DE MINISTER VAN VEILIGHEID EN JUSTITIE,2,https://zoek.officielebekendmakingen.nl/kst-26643-426.xml,"['kst-26643-298', 'kst-32761-83', 'kst-31288-545', 'kst-26643-402', 'kst-32761-78', 'kst-32761-108', 'kst-29279-298']",,"[('data', 100), ('big', 76), ('kabinet', 49), ('cur', 47), ('nadruk', 41), ('overheid', 24), ('gebruik', 23), ('wrr', 22), ('li', 22), ('veiligheid', 19)]"
kst-32827-127,BRIEF VAN DE MINISTER VOOR BASIS- EN VOORTGEZET ONDERWIJS EN MEDIA,2,https://zoek.officielebekendmakingen.nl/kst-32827-127.xml,"['kst-34775-VIII-31', 'kst-34550-VIII-82', 'kst-32827-122', 'kst-34775-VIII-49', 'kst-34700-34', 'kst-32827-126', 'kst-34775-VIII-31', 'kst-32827-116']",,"[('extref', 13), ('actief', 13), ('kamerstuk', 9), ('document', 8), ('kamer', 7), ('http', 6), ('https', 5), ('onderzoeken', 5), ('noot', 5), ('voet', 5)]"
kst-32761-108,BRIEF VAN DE MINISTER VAN ECONOMISCHE ZAKEN,2,https://zoek.officielebekendmakingen.nl/kst-32761-108.xml,"['kst-32761-78', 'kst-33009-10', 'kst-33009-12', 'kst-33009-30', 'kst-32761-91', 'kst-32761-78', 'kst-32761-49', 'kst-32761-78']",,"[('data', 19), ('rapport', 15), ('bedrijven', 13), ('big', 12), ('expertgroep', 11), ('actief', 10), ('extref', 9), ('document', 8), ('wettelijke', 8), ('eisen', 8)]"
kst-26643-426,BRIEF VAN DE MINISTER VAN VEILIGHEID EN JUSTITIE,2,https://zoek.officielebekendmakingen.nl/kst-26643-426.xml,"['kst-26643-298', 'kst-32761-83', 'kst-31288-545', 'kst-26643-402', 'kst-32761-78', 'kst-32761-108', 'kst-29279-298']",,"[('data', 100), ('big', 76), ('kabinet', 49), ('cur', 47), ('nadruk', 41), ('overheid', 24), ('gebruik', 23), ('wrr', 22), ('li', 22), ('veiligheid', 19)]"
kst-32761-108,BRIEF VAN DE MINISTER VAN ECONOMISCHE ZAKEN,2,https://zoek.officielebekendmakingen.nl/kst-32761-108.xml,"['kst-32761-78', 'kst-33009-10', 'kst-33009-12', 'kst-33009-30', 'kst-32761-91', 'kst-32761-78', 'kst-32761-49', 'kst-32761-78']",,"[('data', 19), ('rapport', 15), ('bedrijven', 13), ('big', 12), ('expertgroep', 11), ('actief', 10), ('extref', 9), ('document', 8), ('wettelijke', 8), ('eisen', 8)]"
kst-26643-455,BRIEF VAN DE MINISTER VAN BINNENLANDSE ZAKEN EN KONINKRIJKSRELATIES,2,https://zoek.officielebekendmakingen.nl/kst-26643-455.xml,['kst-26643-445'],,"[('tekstregel', 4), ('kamer', 4), ('2017', 4), ('rapport', 4), ('tweede', 3), ('http', 2), ('kamerstuk', 2), ('vergaderjaar', 2), ('2', 2), ('titel', 2)]"
kst-33009-13,"BRIEF VAN DE MINISTER VAN ECONOMISCHE ZAKEN EN STAATSSECRETARIS VAN ONDERWIJS, CULTUUR EN WETENSCHAP",2,https://zoek.officielebekendmakingen.nl/kst-33009-13.xml,"['kst-33009-11', 'kst-34300-XIII-163', 'kst-31288-362']",,"[('onderwijs', 30), ('ict', 28), ('digitale', 19), ('ontwikkeling', 12), ('advies', 11), ('kabinet', 10), ('agenda', 10), ('economie', 9), ('belang', 9), ('aandacht', 9)]"
kst-34300-109,VERSLAG VAN EEN SCHRIFTELIJK OVERLEG,2,https://zoek.officielebekendmakingen.nl/kst-34300-X-109.xml,['kst-34300-X-V-88'],,"[('kabinet', 142), ('autonome', 90), ('wapensystemen', 84), ('nadruk', 81), ('cur', 81), ('menselijke', 79), ('controle', 77), ('inzet', 65), ('betekenisvolle', 61), ('leden', 56)]"
kst-31288-545,"BRIEF VAN DE MINISTER EN STAATSSECRETARIS VAN ONDERWIJS, CULTUUR EN WETENSCHAP",2,https://zoek.officielebekendmakingen.nl/kst-31288-545.xml,"['kst-31288-472', 'kst-29338-149', 'kst-31288-431', 'kst-33009-13', 'kst-32034-3']",,"[('data', 125), ('big', 35), ('0', 33), ('we', 27), ('voet', 21), ('open', 21), ('noot', 20), ('onderzoek', 20), ('http', 19), ('onderwijs', 18)]"
kst-32761-78,BRIEF VAN DE MINISTER VAN ECONOMISCHE ZAKEN ,2,https://zoek.officielebekendmakingen.nl/kst-32761-78.xml,"['kst-32761-49', 'kst-32761-64', 'kst-22112-1898']",,"[('data', 100), ('big', 49), ('gegevens', 32), ('persoonsgegevens', 27), ('bedrijven', 27), ('profilering', 26), ('gebruik', 26), ('nadruk', 24), ('cur', 24), ('verwerking', 18)]"
kst-33009-10,BRIEF VAN DE MINISTER VAN ECONOMISCHE ZAKEN,2,https://zoek.officielebekendmakingen.nl/kst-33009-10.xml,"['kst-34000-XIII-39', 'kst-33750-XIII-18', 'kst-31521-88', 'kst-30806-28', 'kst-31305-212', 'kst-22112-GZ', 'kst-24036-409', 'kst-29515-357', 'kst-34000-VII-36']",,"[('regelgeving', 60), ('nieuwe', 35), ('regels', 31), ('ruimte', 23), ('kabinet', 21), ('innovatie', 20), ('nadruk', 19), ('cur', 19), ('ontwikkelingen', 18), ('zoals', 18)]"
kst-32761-49,BRIEF VAN DE MINISTER VAN ECONOMISCHE ZAKEN,2,https://zoek.officielebekendmakingen.nl/kst-32761-49.xml,"['kst-32761-1', 'kst-24095-294', 'kst-32761-10', 'kst-32761-11', 'kst-32761-10', 'kst-32761-11', 'kst-32761-34', 'kst-32761-44', 'kst-32761-46', 'kst-22112-1425']",,"[('persoonsgegevens', 65), ('bescherming', 44), ('privacy', 38), ('bedrijven', 30), ('kabinet', 28), ('gebruik', 28), ('http', 26), ('url', 24), ('online', 23), ('bedrijfsleven', 23)]"
kst-26643-298,BRIEF VAN DE MINISTER EN STAATSSECRETARIS VAN VEILIGHEID EN JUSTITIE EN DE MINISTER VAN BINNENLANDSE ZAKEN EN KONINKRIJKSRELATIES,2,https://zoek.officielebekendmakingen.nl/kst-26643-298.xml,"['kst-33750-E', 'kst-33750-E', 'kst-26643-291', 'kst-31051-5', 'kst-32761-1', 'kst-31051-D', 'kst-33410-15', 'kst-32761-49', 'kst-30977-57', 'kst-26643-211', 'kst-31051-5', 'kst-33750-VI-70', 'kst-33662-1', 'kst-26643-285', 'kst-30977-71', 'kst-33750-VI-55', 'kst-32761-34', 'kst-32761-44', 'kst-32761-46', 'kst-32761-54', 'kst-33750-VI-67', 'kst-33582-1', 'kst-33582-6', 'kst-33750-VI-67', 'kst-31051-D', 'kst-33410-15', 'kst-33542-3', 'kst-26643-282-h1', 'kst-33750-VI-62', 'kst-32398-10', 'kst-32398-G', 'kst-22112-FI', 'kst-22112-FH', 'kst-28036-1']",,"[('0', 170), ('noot', 65), ('voet', 65), ('entry', 59), ('veiligheid', 52), ('extref', 51), ('actief', 51), ('nr', 47), ('persoonsgegevens', 46), ('document', 43)]"
kst-33009-48,BRIEF VAN DE STAATSSECRETARIS VAN ECONOMISCHE ZAKEN EN KLIMAAT,2,https://zoek.officielebekendmakingen.nl/kst-33009-48.xml,"['kst-33009-12', 'kst-33009-47', 'kst-26643-508', 'kst-32827-116', 'kst-32827-122', 'kst-30950-138', 'kst-22112-2420']",,"[('platforms', 14), ('kabinet', 8), ('extref', 8), ('actief', 8), ('kamerstuk', 7), ('cpb', 7), ('noot', 7), ('voet', 7), ('document', 7), ('nr', 6)]"
kst-26643-508,BRIEF VAN DE MINISTER VAN BINNENLANDSE ZAKEN EN KONINKRIJKSRELATIES ,2,https://zoek.officielebekendmakingen.nl/kst-26643-508.xml,"['kst-32827-116', 'kst-32827-122', 'kst-26643-497']",,"[('desinformatie', 18), ('kamer', 13), ('heimelijke', 13), ('politieke', 13), ('nederland', 13), ('democratische', 12), ('statelijke', 11), ('actoren', 10), ('media', 10), ('europese', 10)]"
kst-30806-28,"BRIEF VAN DE MINISTER VAN VEILIGHEID EN JUSTITIE, STAATSSECRETARIS VAN INFRASTRUCTUUR EN MILIEU EN DE MINISTER VAN ECONOMISCHE ZAKEN",2,https://zoek.officielebekendmakingen.nl/kst-30806-28.xml,"['kst-33750-VI-67', 'kst-26643-298']",,"[('drones', 87), ('gebruik', 70), ('regelgeving', 36), ('kabinet', 25), ('li', 22), ('veiligheid', 19), ('noot', 15), ('voet', 15), ('privacy', 15), ('ontwikkeling', 15)]"
kst-28760-53,"BRIEF VAN DE MINISTER VAN ONDERWIJS, CULTUUR EN WETENSCHAP ",2,https://zoek.officielebekendmakingen.nl/kst-28760-53.xml,"['kst-28760-40', 'kst-28760-41', 'kst-34000-VIII-61', 'kst-28760-39']",,"[('digitale', 14), ('laaggeletterdheid', 9), ('actief', 8), ('extref', 7), ('vaardigheden', 7), ('programma', 6), ('document', 5), ('motie', 5), ('mee', 5), ('http', 4)]"
kst-30806-36,"BRIEF VAN DE STAATSSECRETARIS VAN INFRASTRUCTUUR EN MILIEU EN DE MINISTERS VAN VEILIGHEID EN JUSTITIE, VAN ECONOMISCHE ZAKEN EN VAN DEFENSIE",2,https://zoek.officielebekendmakingen.nl/kst-30806-36.xml,"['kst-30806-32', 'kst-30806-28', 'kst-30806-31', 'kst-30806-34', 'kst-31936-326', 'kst-30806-35', 'kst-33009-30-E', 'kst-33009-30', 'kst-22112-2063', 'kst-31936-337', 'kst-30806-31', 'kst-30806-35', 'kst-31936-331', 'kst-31936-336', 'kst-31936-333', 'kst-30806-35']",,"[('drones', 79), ('2016', 32), ('nr', 27), ('voet', 25), ('noot', 24), ('actief', 24), ('extref', 23), ('document', 18), ('kamerstuk', 17), ('inzet', 17)]"
kst-26643-431,BRIEF VAN DE MINISTER VAN BINNENLANDSE ZAKEN EN KONINKRIJKSRELATIES,2,https://zoek.officielebekendmakingen.nl/kst-26643-431.xml,"['kst-26643-427', 'kst-26643-419', 'kst-26643-423', 'kst-29515-397', 'kst-32802-27']",,"[('digitale', 56), ('digitaal', 29), ('dienstverlening', 26), ('burgers', 26), ('overheid', 21), ('ondernemers', 21), ('jaar', 20), ('2017', 19), ('noot', 19), ('voet', 18)]"
kst-24036-418,BRIEF VAN DE MINISTER VAN ECONOMISCHE ZAKEN,2,https://zoek.officielebekendmakingen.nl/kst-24036-418.xml,"['kst-21501-30-405', 'kst-32637-272', 'kst-33009-F', 'kst-22112-2339', 'kst-22112-2259', 'kst-32637-272']",,"[('data', 28), ('commissie', 20), ('marktmacht', 17), ('acm', 15), ('ecorys', 15), ('tussen', 13), ('markten', 13), ('via', 11), ('onderzoek', 11), ('consumenten', 11)]"
kst-27529-164,BRIEF VAN DE MINISTER VOOR MEDISCHE ZORG,2,https://zoek.officielebekendmakingen.nl/kst-27529-164.xml,"['kst-26643-541', 'kst-29689-896']",,"[('brief', 7), ('vertrouwen', 6), ('li', 6), ('http', 5), ('zorg', 5), ('noot', 5), ('voet', 5), ('extref', 5), ('actief', 5), ('data', 5)]"
kst-26643-673,BRIEF VAN DE MINISTER VAN JUSTITIE EN VEILIGHEID,2,https://zoek.officielebekendmakingen.nl/kst-26643-673.xml,"['kst-26643-614', 'kst-26643-658', 'kst-30821-102', 'kst-28684-564', 'kst-33694-56', 'kst-26643-668', 'kst-28684-564', 'kst-26643-614', 'kst-24095-496', 'kst-30821-85', 'kst-26643-650']",,"[('0', 113), ('vitale', 51), ('digitale', 50), ('organisaties', 44), ('tussenkop', 38), ('cur', 36), ('nadruk', 36), ('cybersecurity', 33), ('aanbieders', 33), ('ncsc', 31)]"
kst-26643-672,BRIEF VAN DE MINISTERS VAN BINNENLANDSE ZAKEN EN KONINKRIJKSRELATIES EN VOOR RECHTSBESCHERMING,2,https://zoek.officielebekendmakingen.nl/kst-26643-672.xml,"['kst-26643-665', 'kst-26643-529', 'kst-26643-601', 'kst-26643-642', 'kst-26643-601', 'kst-26643-657', 'kst-27879-71', 'kst-26643-529', 'kst-26643-601', 'kst-26643-642', 'kst-26643-570', 'kst-26643-641', 'kst-26643-641', 'kst-32761-152']",,"[('extref', 19), ('actief', 19), ('noot', 19), ('voet', 19), ('zoals', 16), ('document', 14), ('https', 11), ('kamerstuk', 11), ('rapport', 11), ('zaken', 10)]"
kst-22112-2830,BRIEF VAN DE MINISTER VAN BUITENLANDSE ZAKEN,2,https://zoek.officielebekendmakingen.nl/kst-22112-2830.xml,[],,"[('avg', 42), ('commissie', 24), ('mededeling', 18), ('cur', 15), ('evaluatie', 15), ('nederland', 15), ('gevolgen', 10), ('artikel', 10), ('eu', 9), ('toepassing', 9)]"
kst-22112-2812,BRIEF VAN DE MINISTER VAN BUITENLANDSE ZAKEN,2,https://zoek.officielebekendmakingen.nl/kst-22112-2812.xml,[],,"[('commissie', 21), ('nederland', 20), ('cur', 15), ('fraude', 13), ('lidstaten', 12), ('europese', 12), ('cafs', 12), ('voorstel', 10), ('titel', 9), ('nr', 8)]"
kst-22112-2799,BRIEF VAN DE MINISTER VAN BUITENLANDSE ZAKEN,2,https://zoek.officielebekendmakingen.nl/kst-22112-2799.xml,"['kst-22112-2800', 'kst-22112-2578', 'kst-22112-2758', 'kst-22112-2758', 'kst-22112-2578', 'kst-22112-2758', 'kst-22112-2758', 'kst-21501-20-1349']",,"[('ai', 65), ('commissie', 23), ('europese', 22), ('cur', 18), ('nederland', 18), ('ethische', 17), ('actief', 16), ('ontwikkeling', 16), ('noot', 15), ('voet', 15)]"
kst-22112-2800,BRIEF VAN DE MINISTER VAN BUITENLANDSE ZAKEN,2,https://zoek.officielebekendmakingen.nl/kst-22112-2800.xml,"['kst-22112-2799', 'kst-22112-2714', 'kst-22112-2771', 'kst-21501-02-1920']",,"[('commissie', 36), ('sociale', 31), ('cur', 26), ('mededeling', 22), ('lidstaten', 21), ('sociaal', 21), ('besluitvorming', 19), ('bescherming', 19), ('unanimiteit', 18), ('kabinet', 18)]"
kst-22112-2760,BRIEF VAN DE MINISTER VAN BUITENLANDSE ZAKEN,2,https://zoek.officielebekendmakingen.nl/kst-22112-2760.xml,"['kst-22112-2756', 'kst-22112-2757', 'kst-22112-2758', 'kst-22112-2759', 'kst-22112-2608', 'kst-22112-2693', 'kst-22112-2708', 'kst-30821-51', 'kst-32752-54', 'kst-21501-34-290', 'kst-21501-02-AE']",,"[('desinformatie', 53), ('kabinet', 40), ('li', 34), ('lidstaten', 22), ('cur', 20), ('nr', 17), ('commissie', 17), ('europese', 16), ('actieplan', 16), ('actief', 14)]"
kst-22112-2758,BRIEF VAN DE MINISTER VAN BUITENLANDSE ZAKEN,2,https://zoek.officielebekendmakingen.nl/kst-22112-2758.xml,"['kst-22112-2756', 'kst-22112-2757', 'kst-22112-2759', 'kst-22112-2760', 'kst-22112-2578', 'kst-27529-164']",,"[('ai', 83), ('commissie', 38), ('europese', 34), ('cur', 23), ('lidstaten', 22), ('kabinet', 21), ('nr', 19), ('europa', 17), ('onderzoek', 16), ('https', 15)]"
kst-22112-2664,BRIEF VAN DE MINISTER VAN BUITENLANDSE ZAKEN,2,https://zoek.officielebekendmakingen.nl/kst-22112-2664.xml,"['kst-22112-2663', 'kst-22112-2665', 'kst-22112-2666', 'kst-22112-2667', 'kst-22112-2668', 'kst-22112-2669', 'kst-22112-2670', 'kst-22112-2671', 'kst-22112-2672', 'kst-22112-2673', 'kst-22112-2674', 'kst-22112-2675', 'kst-22112-2676', 'kst-21501-20-1349', 'kst-26643-541', 'kst-22112-2578', 'kst-26643-536', 'kst-26643-541', 'kst-32034-30', 'kst-32637-316', 'kst-29826-94', 'kst-22112-2502', 'kst-33602-1']",,"[('digitale', 49), ('europese', 36), ('programma', 35), ('nr', 34), ('commissie', 33), ('kabinet', 33), ('tussenkop', 31), ('cur', 27), ('actief', 25), ('mfk', 24)]"
kst-22112-2608,BRIEF VAN DE MINISTER VAN BUITENLANDSE ZAKEN,2,https://zoek.officielebekendmakingen.nl/kst-22112-2608.xml,"['kst-34700-34', 'kst-34700-34']",,"[('desinformatie', 39), ('online', 25), ('nederland', 24), ('li', 23), ('kabinet', 22), ('mededeling', 20), ('commissie', 20), ('ten', 17), ('cur', 16), ('europese', 13)]"
kst-22112-2579,BRIEF VAN DE MINISTER VAN BUITENLANDSE ZAKEN,2,https://zoek.officielebekendmakingen.nl/kst-22112-2579.xml,"['kst-22112-2572', 'kst-22112-2573', 'kst-22112-2574', 'kst-22112-2575', 'kst-22112-2576', 'kst-22112-2577', 'kst-22112-2578', 'kst-33009-12']",,"[('platforms', 100), ('ondernemers', 40), ('commissie', 34), ('voorstel', 30), ('cur', 29), ('verordening', 23), ('nederland', 22), ('kosten', 20), ('nr', 19), ('li', 19)]"
kst-22112-2576,BRIEF VAN DE MINISTER VAN BUITENLANDSE ZAKEN,2,https://zoek.officielebekendmakingen.nl/kst-22112-2576.xml,"['kst-22112-2572', 'kst-22112-2573', 'kst-22112-2574', 'kst-22112-2575', 'kst-22112-2577', 'kst-22112-2578', 'kst-22112-2579', 'kst-22112-2557']",,"[('data', 42), ('commissie', 31), ('kabinet', 25), ('mededeling', 21), ('cur', 19), ('nr', 15), ('noot', 15), ('voet', 15), ('richtlijn', 13), ('datadelen', 13)]"
kst-22112-2577,BRIEF VAN DE MINISTER VAN BUITENLANDSE ZAKEN,2,https://zoek.officielebekendmakingen.nl/kst-22112-2577.xml,"['kst-22112-2572', 'kst-22112-2573', 'kst-22112-2574', 'kst-22112-2575', 'kst-22112-2576', 'kst-22112-2578', 'kst-22112-2579', 'kst-34687-3']",,"[('data', 49), ('cur', 44), ('richtlijn', 41), ('hergebruik', 39), ('nadruk', 27), ('commissie', 27), ('li', 24), ('overheidsinformatie', 23), ('voorstel', 23), ('beschikbaar', 22)]"
kst-22112-2575,BRIEF VAN DE MINISTER VAN BUITENLANDSE ZAKEN,2,https://zoek.officielebekendmakingen.nl/kst-22112-2575.xml,"['kst-22112-2572', 'kst-22112-2573', 'kst-22112-2574', 'kst-22112-2576', 'kst-22112-2577', 'kst-22112-2578', 'kst-22112-2579']",,"[('commissie', 32), ('lidstaten', 27), ('europese', 18), ('tussen', 17), ('digitale', 16), ('cur', 15), ('nr', 14), ('nederland', 13), ('zorg', 12), ('voorstel', 12)]"
kst-22112-2578,BRIEF VAN DE MINISTER VAN BUITENLANDSE ZAKEN,2,https://zoek.officielebekendmakingen.nl/kst-22112-2578.xml,"['kst-22112-2572', 'kst-22112-2573', 'kst-22112-2574', 'kst-22112-2575', 'kst-22112-2576', 'kst-22112-2577', 'kst-22112-2579', 'kst-32034-30', 'kst-30012-77', 'kst-26643-529', 'kst-26643-529', 'kst-34300-X-21', 'kst-26643-535']",,"[('ai', 46), ('commissie', 21), ('cur', 20), ('nr', 19), ('europese', 18), ('kabinet', 16), ('actief', 15), ('kamerstuk', 14), ('extref', 14), ('li', 14)]"
kst-22112-2525,BRIEF VAN DE MINISTER VAN BUITENLANDSE ZAKEN ,2,https://zoek.officielebekendmakingen.nl/kst-22112-2525.xml,"['kst-22112-2526', 'kst-22112-2526', 'kst-21501-02-1776', 'kst-21501-20-1281']",,"[('onderwijs', 41), ('digitale', 33), ('li', 22), ('cur', 19), ('kabinet', 19), ('commissie', 18), ('europese', 14), ('digitaal', 13), ('gebruik', 13), ('hoger', 13)]"
kst-22112-2309,BRIEF VAN DE MINISTER VAN BUITENLANDSE ZAKEN,2,https://zoek.officielebekendmakingen.nl/kst-22112-2309.xml,"['kst-22112-2305', 'kst-22112-2306', 'kst-22112-2307', 'kst-22112-2308', 'kst-22112-2310']",,"[('commissie', 40), ('derde', 29), ('landen', 26), ('eu', 22), ('amp', 20), ('nederland', 20), ('persoonsgegevens', 19), ('cur', 15), ('mededeling', 14), ('verdrag', 13)]"
kst-22112-2305,BRIEF VAN DE MINISTER VAN BUITENLANDSE ZAKEN,2,https://zoek.officielebekendmakingen.nl/kst-22112-2305.xml,"['kst-22112-2306', 'kst-22112-2307', 'kst-22112-2308', 'kst-22112-2309', 'kst-22112-2310']",,"[('commissie', 37), ('data', 31), ('nederland', 22), ('mededeling', 17), ('tussenkop', 16), ('cur', 16), ('lidstaten', 14), ('dataverkeer', 14), ('europese', 12), ('nr', 12)]"
kst-22112-2306,BRIEF VAN DE MINISTER VAN BUITENLANDSE ZAKEN,2,https://zoek.officielebekendmakingen.nl/kst-22112-2306.xml,"['kst-22112-2305', 'kst-22112-2307', 'kst-22112-2308', 'kst-22112-2309', 'kst-22112-2310']",,"[('verordening', 45), ('cur', 45), ('commissie', 43), ('tussenkop', 35), ('nederland', 34), ('elektronische', 22), ('toestemming', 22), ('aanbieders', 21), ('algemene', 20), ('voorstel', 20)]"
kst-35403-A,BRIEF VAN DE MINISTER VAN BUITENLANDSE ZAKEN,1,https://zoek.officielebekendmakingen.nl/kst-35403-A.xml,"['kst-32013-201', 'kst-21501-31-507']",,"[('commissie', 84), ('kabinet', 75), ('europese', 33), ('cur', 19), ('nieuwe', 17), ('eu', 17), ('aanpak', 16), ('unie', 14), ('nr', 14), ('strategie', 14)]"
